Ho6uBM,2023-12-26 15:43:21
OTfU9J,2023-12-26 15:49:30
UrRgzg,2023-12-26 15:49:35
rd4op8,2023-12-26 17:42:12
sbDXI2,2023-12-26 17:42:26
aA9GCJ,2023-12-26 17:42:29
h4zsiA,2023-12-26 17:42:29
o0jIcK,2023-12-26 17:42:30
emgira,2023-12-26 17:42:30
taRvcM,2023-12-26 17:42:30
AOxtzY,2023-12-26 17:42:30
7v2Ijg,2023-12-26 17:42:30
vIVOVV,2023-12-26 17:57:13
iWlf7J,2023-12-27 11:39:48
w9BRAg,2023-12-27 11:54:40
M2rieL,2023-12-27 12:46:53
a4kJWx,2023-12-27 12:47:53
feoPWo,2023-12-27 12:50:30
Kjreer,2023-12-27 12:51:08
OyA9KF,2023-12-27 12:51:43
YsFXk5,2023-12-27 12:54:58
DHgOM8,2023-12-27 12:55:46
31tNH5,2023-12-27 12:57:20
xj3LpB,2023-12-27 12:57:28
I0a0A5,2023-12-27 12:57:45
aGh3p1,2023-12-27 12:58:15
y6Mtxd,2023-12-27 12:58:56
CGsaLS,2023-12-27 12:59:24
48ObRC,2023-12-27 13:00:37
YTXhsj,2023-12-27 13:01:03
uSpTCQ,2023-12-27 14:57:04
q2jKeZ,2023-12-27 15:00:02
uQUek1,2023-12-27 15:03:01
Pr4tII,2023-12-27 15:05:01
nSwkLQ,2023-12-27 15:05:20
SNYgHI,2023-12-27 15:06:05
Rja0pW,2023-12-27 15:09:01
zRhaek,2023-12-27 15:17:19
n5aHa7,2023-12-27 15:48:34
L4HSl4,2023-12-27 15:49:46
mfbsJ1,2023-12-27 15:55:35
R8JcVo,2023-12-27 16:54:30
mYF1rU,2023-12-27 16:55:04
3dup0T,2023-12-27 16:55:29
imIRY4,2023-12-27 16:57:10
hSm3z4,2023-12-27 17:00:44
PSQluc,2023-12-27 17:02:32
76AcAB,2023-12-27 17:03:21
MajzK3,2023-12-27 17:04:14
TYdlhH,2023-12-27 17:05:03
